{
	"type": "SingleTypeGenerator",
	"name": "Паровой генератор v1",
	"description": "Паровой генератор 1 поколения",
	"itemCapacity": 20,
	"size": 2,
	"hasLiquids": true,
    "powerProduction": 5,
    "itemDuration" : 150,
	"updateEffect": "smeltsmoke",
	"consumes": {
		"item": "coal",
		"liquid": {
			"liquid": "water", 
			"amount": 0.1,
			"booster": false
		},
    },
	"requirements": [
		{"item": "iron", "amount": 100},
		{"item": "iron-plate", "amount": 10},
    {"item": "copper-plate","amount":10}
	],
	"category": "power",
	"research": "thermal-generator"
}